{"cameraMode":{"drawMode":0,"name":"Shaded","section":"Shading Mode"},"sceneLighting":true,"audioPlay":false,"sceneViewState":{"showFog":false,"showMaterialUpdate":false,"showSkybox":false,"showFlares":false,"showImageEffects":false,"showParticleSystems":false},"in2DMode":false,"pivot":{"x":-0.024276256561279298,"y":1.162024736404419,"z":-1.9917466640472413},"rotation":{"x":0.02193520776927471,"y":0.15147776901721955,"z":0.0033452357165515424,"w":-0.9882296323776245},"size":4.059693336486816,"orthographic":false}