{"cameraMode":{"drawMode":0,"name":"Shaded","section":"Shading Mode"},"sceneLighting":true,"audioPlay":false,"sceneViewState":{"showFog":false,"showMaterialUpdate":false,"showSkybox":false,"showFlares":false,"showImageEffects":false,"showParticleSystems":false},"in2DMode":false,"pivot":{"x":0.5,"y":2.575789451599121,"z":2.2484655380249025},"rotation":{"x":0.03278645500540733,"y":0.9663402438163757,"z":-0.20022626221179963,"w":0.15822918713092805},"size":34.44474411010742,"orthographic":false}