{"cameraMode":{"drawMode":0,"name":"Shaded","section":"Shading Mode"},"sceneLighting":false,"audioPlay":false,"sceneViewState":{"showFog":false,"showMaterialUpdate":false,"showSkybox":false,"showFlares":false,"showImageEffects":false,"showParticleSystems":false},"in2DMode":false,"pivot":{"x":0.0008034110069274902,"y":0.9449506998062134,"z":-0.04935070872306824},"rotation":{"x":-0.02697703242301941,"y":0.9575070738792419,"z":-0.09540752321481705,"w":-0.27088358998298647},"size":4.752861499786377,"orthographic":false}