{"cameraMode":{"drawMode":0,"name":"Shaded","section":"Shading Mode"},"sceneLighting":true,"audioPlay":false,"sceneViewState":{"showFog":false,"showMaterialUpdate":false,"showSkybox":false,"showFlares":false,"showImageEffects":false,"showParticleSystems":false},"in2DMode":false,"pivot":{"x":88.03776550292969,"y":382.05706787109377,"z":0.0},"rotation":{"x":-0.056826990097761157,"y":-0.33279362320899966,"z":0.02009042538702488,"w":-0.9410830736160278},"size":313.7695617675781,"orthographic":false}