{"cameraMode":{"drawMode":0,"name":"Shaded","section":"Shading Mode"},"sceneLighting":true,"audioPlay":false,"sceneViewState":{"showFog":false,"showMaterialUpdate":false,"showSkybox":false,"showFlares":false,"showImageEffects":false,"showParticleSystems":false},"in2DMode":false,"pivot":{"x":0.8137044906616211,"y":-1.1527676582336426,"z":-2.284247875213623},"rotation":{"x":0.2741886079311371,"y":0.7120953798294067,"z":-0.3653711676597595,"w":0.5335043668746948},"size":18.062641143798829,"orthographic":false}