{"cameraMode":{"drawMode":0,"name":"Shaded","section":"Shading Mode"},"sceneLighting":false,"audioPlay":false,"sceneViewState":{"showFog":false,"showMaterialUpdate":false,"showSkybox":false,"showFlares":false,"showImageEffects":false,"showParticleSystems":false},"in2DMode":false,"pivot":{"x":-0.32010364532470705,"y":1.0418779850006104,"z":-0.15899907052516938},"rotation":{"x":0.08002089709043503,"y":-0.7322173118591309,"z":0.08744984865188599,"w":0.6707476377487183},"size":4.528918743133545,"orthographic":false}