{"cameraMode":{"drawMode":0,"name":"Shaded","section":"Shading Mode"},"sceneLighting":true,"audioPlay":false,"sceneViewState":{"showFog":false,"showMaterialUpdate":false,"showSkybox":false,"showFlares":false,"showImageEffects":false,"showParticleSystems":false},"in2DMode":false,"pivot":{"x":126.86666107177735,"y":406.73333740234377,"z":0.0},"rotation":{"x":-0.010809654369950295,"y":0.005096685141324997,"z":-0.00006768421008018777,"w":-0.999942421913147},"size":334.4935302734375,"orthographic":false}