{"cameraMode":{"drawMode":0,"name":"Shaded","section":"Shading Mode"},"sceneLighting":true,"audioPlay":false,"sceneViewState":{"showFog":true,"showMaterialUpdate":false,"showSkybox":true,"showFlares":true,"showImageEffects":true,"showParticleSystems":true},"in2DMode":false,"pivot":{"x":0.0003409385681152344,"y":0.7699595093727112,"z":0.038503795862197879},"rotation":{"x":0.20273199677467347,"y":-0.16911818087100984,"z":0.03557343780994415,"w":0.9638696312904358},"size":24.923187255859376,"orthographic":false}