{"cameraMode":{"drawMode":0,"name":"Shaded","section":"Shading Mode"},"sceneLighting":true,"audioPlay":false,"sceneViewState":{"showFog":false,"showMaterialUpdate":false,"showSkybox":false,"showFlares":false,"showImageEffects":false,"showParticleSystems":false},"in2DMode":false,"pivot":{"x":-2.4221832752227785,"y":0.4585684537887573,"z":-1.0388789176940919},"rotation":{"x":-0.011994929052889347,"y":0.22367487847805024,"z":-0.002766384743154049,"w":-0.9746018648147583},"size":3.4516053199768068,"orthographic":false}