{"cameraMode":{"drawMode":0,"name":"Shaded","section":"Shading Mode"},"sceneLighting":true,"audioPlay":false,"sceneViewState":{"showFog":true,"showMaterialUpdate":false,"showSkybox":true,"showFlares":true,"showImageEffects":true,"showParticleSystems":true},"in2DMode":false,"pivot":{"x":0.0003409385681152344,"y":0.7699595093727112,"z":0.038503795862197879},"rotation":{"x":0.02074950747191906,"y":-0.6765308976173401,"z":-0.019077172502875329,"w":-0.7358815670013428},"size":4.55394172668457,"orthographic":false}