{"cameraMode":{"drawMode":0,"name":"Shaded","section":"Shading Mode"},"sceneLighting":false,"audioPlay":false,"sceneViewState":{"showFog":false,"showMaterialUpdate":false,"showSkybox":false,"showFlares":false,"showImageEffects":false,"showParticleSystems":false},"in2DMode":false,"pivot":{"x":90.01000213623047,"y":3.0299997329711916,"z":-7.829999923706055},"rotation":{"x":0.05013420805335045,"y":0.6726475954055786,"z":-0.04558955878019333,"w":0.736946702003479},"size":4.041658401489258,"orthographic":false}