{"cameraMode":{"drawMode":0,"name":"Shaded","section":"Shading Mode"},"sceneLighting":true,"audioPlay":false,"sceneViewState":{"showFog":false,"showMaterialUpdate":false,"showSkybox":false,"showFlares":false,"showImageEffects":false,"showParticleSystems":false},"in2DMode":false,"pivot":{"x":26.949871063232423,"y":-10.262956619262696,"z":-6.779350280761719},"rotation":{"x":0.1765129268169403,"y":0.7857304215431213,"z":-0.2602115869522095,"w":0.5329497456550598},"size":44.792572021484378,"orthographic":false}