{"cameraMode":{"drawMode":0,"name":"Shaded","section":"Shading Mode"},"sceneLighting":false,"audioPlay":false,"sceneViewState":{"showFog":false,"showMaterialUpdate":false,"showSkybox":false,"showFlares":false,"showImageEffects":false,"showParticleSystems":false},"in2DMode":false,"pivot":{"x":0.585148811340332,"y":0.951683521270752,"z":0.25354886054992678},"rotation":{"x":0.04357468709349632,"y":-0.9551172852516174,"z":0.18004246056079865,"w":0.23131653666496278},"size":0.4560922384262085,"orthographic":false}