{"cameraMode":{"drawMode":0,"name":"Shaded","section":"Shading Mode"},"sceneLighting":true,"audioPlay":false,"sceneViewState":{"showFog":false,"showMaterialUpdate":false,"showSkybox":false,"showFlares":false,"showImageEffects":false,"showParticleSystems":false},"in2DMode":false,"pivot":{"x":0.5,"y":2.575789451599121,"z":2.2484655380249025},"rotation":{"x":-0.0032027254346758129,"y":0.992424726486206,"z":-0.11997770518064499,"w":-0.02650361880660057},"size":4.740725994110107,"orthographic":false}