{"cameraMode":{"drawMode":0,"name":"Shaded","section":"Shading Mode"},"sceneLighting":true,"audioPlay":false,"sceneViewState":{"showFog":false,"showMaterialUpdate":false,"showSkybox":false,"showFlares":false,"showImageEffects":false,"showParticleSystems":false},"in2DMode":false,"pivot":{"x":-0.07226619124412537,"y":1.0190796852111817,"z":3.0616071224212648},"rotation":{"x":-0.015608982183039189,"y":-0.9068102836608887,"z":0.4200667142868042,"w":-0.03342629224061966},"size":17.810747146606447,"orthographic":false}