{"cameraMode":{"drawMode":0,"name":"Shaded","section":"Shading Mode"},"sceneLighting":true,"audioPlay":false,"sceneViewState":{"showFog":false,"showMaterialUpdate":false,"showSkybox":false,"showFlares":false,"showImageEffects":false,"showParticleSystems":false},"in2DMode":false,"pivot":{"x":0.07597975432872772,"y":1.3085432052612305,"z":-2.0373528003692629},"rotation":{"x":0.07197511196136475,"y":-0.08635622262954712,"z":0.00628030626103282,"w":0.9936683773994446},"size":3.597670078277588,"orthographic":false}