{"cameraMode":{"drawMode":0,"name":"Shaded","section":"Shading Mode"},"sceneLighting":false,"audioPlay":false,"sceneViewState":{"showFog":false,"showMaterialUpdate":false,"showSkybox":false,"showFlares":false,"showImageEffects":false,"showParticleSystems":false},"in2DMode":false,"pivot":{"x":-0.7855517864227295,"y":1.5668469667434693,"z":0.9228813648223877},"rotation":{"x":0.014703706838190556,"y":-0.9848026037216187,"z":0.10559223592281342,"w":0.13738352060317994},"size":2.7452337741851808,"orthographic":false}