{"cameraMode":{"drawMode":0,"name":"Shaded","section":"Shading Mode"},"sceneLighting":true,"audioPlay":false,"sceneViewState":{"showFog":false,"showMaterialUpdate":false,"showSkybox":false,"showFlares":false,"showImageEffects":false,"showParticleSystems":false},"in2DMode":false,"pivot":{"x":-0.5949994325637817,"y":0.15668989717960359,"z":1.7959507703781129},"rotation":{"x":-0.12433890253305435,"y":0.8457220792770386,"z":-0.22480610013008119,"w":-0.4677450656890869},"size":19.788372039794923,"orthographic":false}