{"cameraMode":{"drawMode":0,"name":"Shaded","section":"Shading Mode"},"sceneLighting":false,"audioPlay":false,"sceneViewState":{"showFog":false,"showMaterialUpdate":false,"showSkybox":false,"showFlares":false,"showImageEffects":false,"showParticleSystems":false},"in2DMode":false,"pivot":{"x":-0.32010364532470705,"y":1.0418779850006104,"z":-0.15899907052516938},"rotation":{"x":0.15317150950431825,"y":-0.6973676085472107,"z":0.15656371414661408,"w":0.6824861764907837},"size":4.528918743133545,"orthographic":false}