{"cameraMode":{"drawMode":0,"name":"Shaded","section":"Shading Mode"},"sceneLighting":true,"audioPlay":false,"sceneViewState":{"showFog":true,"showMaterialUpdate":false,"showSkybox":true,"showFlares":true,"showImageEffects":true,"showParticleSystems":true},"in2DMode":false,"pivot":{"x":-9.313225746154786e-10,"y":0.4319756031036377,"z":0.004259002860635519},"rotation":{"x":0.20273199677467347,"y":-0.16911818087100984,"z":0.03557343780994415,"w":0.9638696312904358},"size":10.102437019348145,"orthographic":false}