{"cameraMode":{"drawMode":0,"name":"Shaded","section":"Shading Mode"},"sceneLighting":true,"audioPlay":false,"sceneViewState":{"showFog":false,"showMaterialUpdate":false,"showSkybox":false,"showFlares":false,"showImageEffects":false,"showParticleSystems":false},"in2DMode":false,"pivot":{"x":0.07597975432872772,"y":1.3085432052612305,"z":-2.0373528003692629},"rotation":{"x":0.09613921493291855,"y":-0.022084049880504609,"z":0.0021588297095149757,"w":0.9951477646827698},"size":3.597670078277588,"orthographic":false}