{"cameraMode":{"drawMode":0,"name":"Shaded","section":"Shading Mode"},"sceneLighting":true,"audioPlay":false,"sceneViewState":{"showFog":false,"showMaterialUpdate":false,"showSkybox":false,"showFlares":false,"showImageEffects":false,"showParticleSystems":false},"in2DMode":false,"pivot":{"x":-3.3073251247406008,"y":4.434057235717773,"z":0.3003684878349304},"rotation":{"x":0.021495163440704347,"y":0.5532687306404114,"z":-0.014281964860856533,"w":0.8326184153556824},"size":22.686668395996095,"orthographic":false}