{"cameraMode":{"drawMode":0,"name":"Shaded","section":"Shading Mode"},"sceneLighting":false,"audioPlay":false,"sceneViewState":{"showFog":false,"showMaterialUpdate":false,"showSkybox":false,"showFlares":false,"showImageEffects":false,"showParticleSystems":false},"in2DMode":false,"pivot":{"x":-1.1321544647216797,"y":1.6548975706100464,"z":-0.16868805885314942},"rotation":{"x":-0.0028803416062146427,"y":-0.9969213604927063,"z":0.04370177909731865,"w":-0.0652838870882988},"size":0.3452344536781311,"orthographic":false}