{"cameraMode":{"drawMode":0,"name":"Shaded","section":"Shading Mode"},"sceneLighting":true,"audioPlay":false,"sceneViewState":{"showFog":false,"showMaterialUpdate":false,"showSkybox":false,"showFlares":false,"showImageEffects":false,"showParticleSystems":false},"in2DMode":false,"pivot":{"x":-0.26566600799560549,"y":0.6659131646156311,"z":1.1820635795593262},"rotation":{"x":0.26039406657218935,"y":-0.5366832613945007,"z":0.17872343957424165,"w":0.7825212478637695},"size":10.94484806060791,"orthographic":false}